id;title;first_name;last_name;id_type;id_number;dob;phone_number;status
1;Dr;Holly;Champlin;NationalID;up but;2024-10-30;drag for colloq;ACTIVE
2;Sir;Meaghan;Sauer;NationalID;forXXX;2024-10-29;plain how stepp;COMPLETED
3;Ms;Lenna;Grant;NationalID;woot parsnip s;2024-10-29;sailboat venera;CANCELLED
4;Sir;Akeem;Schoen;NationalID;beyond minus w;2024-10-30;tone an playful;ACTIVE
5;Mrs;Bailey;Baumbach;Passport;production oh;2024-10-29;rigidlyXX;CANCELLED
6;Prof;Rasheed;Donnelly;Passport;extrapolate;2024-10-30;back finally;PENDING
7;Ms;Hayden;Wolf;Passport;exocrine;2024-10-29;rove condor key;DELETED
8;Mr;Clemmie;Botsford-Kerluke;Passport;ah haX;2024-10-30;alwaysXXX;FRESH
9;Lieu;Nettie;Franecki;NationalID;huzzah;2024-10-29;knavishly;PENDING
10;Rev;Guillermo;Nicolas;Passport;whatXX;2024-10-29;adorable if exa;DELETED
